,train_loss,val_mae,val_mse
0,35.44581513190648,1.287079849925358,2.973459948172375
