,train_loss,val_mae,val_mse
0,248.29907634735108,308.3950119711808,367.0370029139945
1,24.06796775817871,142.64108909637434,205.6368031856877
2,16.908181037902832,152.5025692799245,216.87478104097102
