,train_loss,val_mae,val_mse
0,271.0733932798559,258.84686231922547,270.04007804503084
1,3.0634459031350687,9.37257223009621,10.771031110558491
