,train_loss,val_mae,val_mse
0,19.361858320726395,1.41406249726424,4.70257014341945
