,train_loss,val_mae,val_mse
0,19.711456079148885,1.3983050735698919,4.972196326335529
1,0.9423698069471301,1.3983050735698919,4.972196326335529
