,train_loss,val_mae,val_mse
0,19.70955819410808,3.2194248415900684,5.158196363257638
