,train_loss,val_mae,val_mse
0,32.45123873379043,0.5844757937701826,2.9001786243691203
1,8.660183520462612,0.5844665285582633,2.9001773288477057
