,train_loss,val_mae,val_mse
0,32.45072564074267,0.5844747434566872,2.900178535401231
