,train_loss,val_mae,val_mse
0,0.22206621368726095,5.328408502610558,6.978548733324825
1,0.20142213172382778,2.98750158513391,5.707056655253687
2,0.20046426645583576,3.5258755854694015,5.594744006087006
3,0.20770389172765943,3.248632580653559,5.41121454610993
