,train_loss,val_mae,val_mse
0,77.33981277776319,0.7857142828759693,1.2055826810008323
