,train_loss,val_mae,val_mse
0,2835.488445575421,2110.491840325233,2259.6796896648884
1,365.5620880126953,1222.1644245679727,1300.4327795637548
