,train_loss,val_mae,val_mse
0,338.92039669036865,19.967101252522237,28.03748944321516
