,train_loss,val_mae,val_mse
0,4.727301927525484,8.841240849332326,12.390199448469964
