,train_loss,val_mae,val_mse
0,2835.4871192345254,1.7744506917483474,5.563956055046958
