,train_loss,val_mae,val_mse
0,248.29917221069337,308.3611051677144,366.9871908845388
