,train_loss,val_mae,val_mse
0,248.29543167114258,1.4143814393719367,4.702583603662676
